------------------------------,--------------------
www.electricblue.eu, Portugal
------------------------------,--------------------
Pulse version,V2.3
------------------------------,--------------------
Device,Pulse
Rate_Hz,25
UTC,0.00
Day light saving time,No
Window_Sec,5
Recording mode,Continuos
Record[min],NA
Sleep[min],NA
S1,Mussel_1
S2,Mussel_2
S3,Mussel_3
S4,Mussel_4
S5,Mussel_5
S6,Mussel_6
S7,Mussel_7
S8,Mussel_8
S9,S9
S10,S10
------------------------------,--------------------
Time,Mussel_1,Mussel_2,Mussel_3,Mussel_4,Mussel_5,Mussel_6,Mussel_7,Mussel_8,S9,S10
2024-04-30 17:59:22.045,0,0,0,0,0,0,0,0,0,0
2024-04-30 17:59:22.085,0,0,0,0,0,0,0,0,0,0
2024-04-30 17:59:22.125,0,0,0,0,0,0,0,0,0,0
2024-04-30 17:59:22.165,0,0,0,0,0,0,0,0,0,0
2024-04-30 17:59:22.205,0,0,0,0,0,0,0,0,0,0
2024-04-30 17:59:22.245,0,0,0,0,0,0,0,0,0,0
2024-04-30 17:59:22.285,0,0,0,0,0,0,0,0,0,0
2024-04-30 17:59:22.325,0,0,0,0,0,0,0,0,0,0
2024-04-30 17:59:22.365,0,0,0,0,0,0,0,0,0,0
2024-04-30 17:59:22.405,0,0,0,0,0,0,0,0,0,0
2024-04-30 17:59:22.445,0,0,0,0,0,0,0,0,0,0
2024-04-30 17:59:22.485,0,0,0,0,0,0,0,0,0,0
2024-04-30 17:59:22.525,0,0,0,0,0,0,0,0,0,0
2024-04-30 17:59:22.565,0,0,0,0,0,0,0,0,0,0
2024-04-30 17:59:22.605,0,0,0,0,0,0,0,0,0,0
2024-04-30 17:59:22.645,0,0,0,9,0,0,0,0,0,0
2024-04-30 17:59:22.685,0,0,0,56,0,0,0,0,0,0
2024-04-30 17:59:22.725,0,0,0,135,0,0,0,0,0,0
2024-04-30 17:59:22.765,0,35,0,210,23,0,0,0,0,39
2024-04-30 17:59:22.805,0,91,0,285,81,0,0,0,56,95
2024-04-30 17:59:22.845,0,163,4,356,150,0,27,3,123,167
2024-04-30 17:59:22.885,0,240,69,427,229,0,99,73,203,243
2024-04-30 17:59:22.925,0,324,127,489,309,35,167,155,282,309
2024-04-30 17:59:22.965,5,379,187,544,371,87,231,219,345,376
2024-04-30 17:59:23.005,44,441,248,596,427,152,293,283,406,443
2024-04-30 17:59:23.045,108,501,313,651,489,219,359,349,458,494
2024-04-30 17:59:23.085,170,549,362,687,537,280,419,403,506,553
2024-04-30 17:59:23.125,231,590,412,734,580,333,471,455,554,599
2024-04-30 17:59:23.165,284,647,467,766,631,399,519,509,606,652
2024-04-30 17:59:23.205,356,684,518,809,679,457,571,567,657,699
2024-04-30 17:59:23.245,407,738,568,852,727,521,621,619,701,745
2024-04-30 17:59:23.285,462,781,619,889,775,570,675,669,739,787
2024-04-30 17:59:23.325,523,811,665,926,814,627,719,718,789,823
2024-04-30 17:59:23.365,558,853,697,951,846,667,755,754,820,857
2024-04-30 17:59:23.405,612,885,730,988,875,711,794,791,853,895
2024-04-30 17:59:23.445,647,921,775,1011,915,749,836,827,879,925
2024-04-30 17:59:23.485,692,947,803,1044,937,789,873,859,915,963
2024-04-30 17:59:23.525,725,971,837,1061,957,814,894,885,935,987
2024-04-30 17:59:23.565,757,1001,861,1077,996,857,923,921,966,1007
2024-04-30 17:59:23.605,789,1016,887,1101,1006,877,951,938,982,1035
2024-04-30 17:59:23.645,813,1039,909,1115,1041,911,971,971,1000,1054
2024-04-30 17:59:23.685,851,1063,932,1135,1061,941,995,995,1034,1083
2024-04-30 17:59:23.725,877,1083,967,1160,1087,981,1022,1021,1063,1109
2024-04-30 17:59:23.765,915,1113,995,1181,1107,1000,1056,1048,1081,1129
2024-04-30 17:59:23.805,922,1125,1003,1189,1125,1020,1065,1066,1099,1147
2024-04-30 17:59:23.845,950,1133,1013,1199,1133,1042,1087,1077,1107,1162
2024-04-30 17:59:23.885,965,1147,1031,1215,1143,1053,1105,1093,1117,1173
2024-04-30 17:59:23.925,982,1157,1044,1226,1158,1070,1113,1103,1131,1187
2024-04-30 17:59:23.965,1003,1173,1067,1237,1171,1085,1132,1116,1141,1196
2024-04-30 17:59:24.005,1019,1187,1071,1252,1187,1107,1147,1133,1158,1212
2024-04-30 17:59:24.045,1041,1206,1097,1257,1208,1129,1160,1158,1177,1229
2024-04-30 17:59:24.085,1063,1213,1102,1271,1213,1141,1179,1163,1186,1243
2024-04-30 17:59:24.125,1065,1227,1115,1273,1225,1157,1183,1176,1195,1252
2024-04-30 17:59:24.165,1082,1229,1122,1289,1229,1165,1196,1181,1197,1257
2024-04-30 17:59:24.205,1099,1247,1144,1299,1251,1191,1209,1205,1222,1268
2024-04-30 17:59:24.245,1108,1257,1149,1301,1257,1199,1215,1211,1227,1287
2024-04-30 17:59:24.285,1116,1268,1164,1308,1268,1198,1233,1223,1227,1287
2024-04-30 17:59:24.325,1135,1269,1178,1323,1272,1212,1247,1231,1240,1299
2024-04-30 17:59:24.365,1136,1277,1181,1321,1278,1215,1245,1239,1241,1303
2024-04-30 17:59:24.405,1147,1285,1183,1331,1279,1233,1255,1241,1254,1310
2024-04-30 17:59:24.445,1163,1302,1199,1337,1304,1255,1264,1257,1270,1323
2024-04-30 17:59:24.485,1189,1309,1213,1365,1316,1268,1293,1272,1285,1336
2024-04-30 17:59:24.525,1191,1320,1227,1362,1323,1277,1292,1285,1291,1337
2024-04-30 17:59:24.565,1199,1316,1236,1367,1317,1272,1301,1287,1288,1339
2024-04-30 17:59:24.605,1205,1323,1239,1370,1336,1279,1305,1294,1303,1349
2024-04-30 17:59:24.645,1209,1323,1240,1373,1327,1288,1308,1288,1294,1351
2024-04-30 17:59:24.685,1189,1325,1227,1370,1309,1257,1207,1227,1229,1309
2024-04-30 17:59:24.725,1195,1331,1230,1371,1318,1268,1252,1252,1253,1327
2024-04-30 17:59:24.765,1223,1350,1255,1384,1349,1298,1298,1294,1289,1352
2024-04-30 17:59:24.805,1231,1354,1261,1385,1356,1315,1322,1310,1317,1371
2024-04-30 17:59:24.845,1236,1353,1261,1387,1356,1317,1333,1317,1325,1379
2024-04-30 17:59:24.885,1239,1359,1269,1390,1364,1325,1339,1324,1333,1385
2024-04-30 17:59:24.925,1251,1353,1273,1397,1358,1321,1355,1331,1327,1383
2024-04-30 17:59:24.965,1247,1365,1273,1391,1366,1331,1350,1332,1337,1389
2024-04-30 17:59:25.005,1257,1364,1276,1399,1369,1324,1356,1332,1330,1385
2024-04-30 17:59:25.045,1259,1365,1279,1401,1367,1327,1355,1333,1333,1389
2024-04-30 17:59:25.085,1267,1379,1288,1405,1382,1350,1362,1341,1353,1400
2024-04-30 17:59:25.125,1273,1385,1297,1418,1387,1359,1369,1351,1358,1407
2024-04-30 17:59:25.165,1292,1388,1310,1432,1390,1363,1387,1355,1363,1413
2024-04-30 17:59:25.205,1293,1394,1309,1429,1400,1371,1382,1365,1371,1418
2024-04-30 17:59:25.245,1299,1389,1306,1436,1397,1369,1391,1363,1368,1417
2024-04-30 17:59:25.285,1305,1402,1319,1436,1413,1382,1391,1371,1380,1425
2024-04-30 17:59:25.325,1309,1407,1328,1444,1417,1381,1401,1381,1379,1426
2024-04-30 17:59:25.365,1309,1399,1323,1444,1403,1375,1399,1367,1375,1423
2024-04-30 17:59:25.405,1307,1407,1327,1438,1415,1383,1397,1375,1375,1419
2024-04-30 17:59:25.445,1319,1403,1322,1445,1415,1384,1405,1373,1379,1427
2024-04-30 17:59:25.485,1319,1405,1336,1451,1415,1387,1404,1383,1379,1427
2024-04-30 17:59:25.525,1325,1414,1331,1455,1419,1389,1416,1379,1385,1434
2024-04-30 17:59:25.565,1325,1414,1333,1452,1419,1395,1415,1379,1385,1431
2024-04-30 17:59:25.605,1321,1405,1332,1448,1419,1383,1402,1379,1373,1423
2024-04-30 17:59:25.645,1325,1406,1327,1453,1419,1389,1413,1375,1383,1431
2024-04-30 17:59:25.685,1323,1415,1337,1452,1425,1391,1404,1383,1382,1427
2024-04-30 17:59:25.725,1322,1420,1341,1453,1422,1389,1413,1385,1382,1429
2024-04-30 17:59:25.765,1325,1407,1333,1452,1419,1388,1405,1380,1381,1429
2024-04-30 17:59:25.805,1331,1427,1343,1459,1435,1402,1416,1391,1397,1431
2024-04-30 17:59:25.845,1337,1432,1357,1465,1445,1419,1422,1399,1405,1439
2024-04-30 17:59:25.885,1352,1431,1366,1475,1446,1427,1429,1403,1416,1449
2024-04-30 17:59:25.925,1351,1434,1357,1477,1439,1417,1437,1397,1407,1445
2024-04-30 17:59:25.965,1351,1431,1352,1465,1439,1416,1429,1396,1403,1448
2024-04-30 17:59:26.005,1344,1433,1353,1465,1443,1416,1426,1396,1403,1448
2024-04-30 17:59:26.045,1353,1431,1366,1469,1436,1407,1431,1399,1400,1443
2024-04-30 17:59:26.085,1355,1445,1368,1471,1451,1428,1432,1405,1419,1453
2024-04-30 17:59:26.125,1355,1445,1369,1478,1451,1417,1434,1406,1406,1446
2024-04-30 17:59:26.165,1355,1437,1363,1467,1445,1421,1436,1400,1407,1449
2024-04-30 17:59:26.205,1351,1438,1364,1469,1447,1423,1429,1401,1414,1447
2024-04-30 17:59:26.245,1359,1449,1374,1483,1459,1436,1438,1415,1422,1459
2024-04-30 17:59:26.285,1374,1447,1372,1492,1455,1431,1450,1413,1420,1459
2024-04-30 17:59:26.325,1373,1460,1385,1491,1468,1445,1453,1425,1435,1469
2024-04-30 17:59:26.365,1381,1463,1389,1496,1478,1451,1455,1429,1439,1471
2024-04-30 17:59:26.405,1384,1462,1389,1503,1477,1451,1467,1429,1443,1471
2024-04-30 17:59:26.445,1391,1467,1392,1513,1481,1458,1477,1435,1444,1471
2024-04-30 17:59:26.487,1391,1467,1401,1507,1485,1459,1469,1443,1438,1468
2024-04-30 17:59:26.528,1385,1456,1391,1497,1479,1454,1455,1429,1439,1464
2024-04-30 17:59:26.569,1387,1453,1391,1495,1464,1443,1459,1430,1427,1459
2024-04-30 17:59:26.610,1387,1456,1396,1499,1481,1455,1460,1431,1439,1464
2024-04-30 17:59:26.651,1387,1468,1397,1497,1484,1460,1463,1431,1443,1469
2024-04-30 17:59:26.692,1397,1471,1403,1503,1493,1468,1467,1437,1449,1471
2024-04-30 17:59:26.733,1407,1476,1415,1517,1491,1465,1483,1447,1449,1471
2024-04-30 17:59:26.774,1404,1478,1415,1511,1498,1472,1479,1445,1455,1480
2024-04-30 17:59:26.815,1405,1476,1401,1515,1489,1465,1484,1437,1449,1476
2024-04-30 17:59:26.856,1397,1477,1403,1506,1490,1463,1478,1435,1447,1469
2024-04-30 17:59:26.896,1399,1469,1404,1512,1485,1453,1419,1404,1419,1443
2024-04-30 17:59:26.937,1391,1467,1404,1508,1478,1447,1433,1416,1417,1449
2024-04-30 17:59:26.978,1388,1467,1395,1509,1476,1451,1453,1423,1427,1459
2024-04-30 17:59:27.019,1385,1465,1389,1506,1471,1450,1467,1421,1432,1463
2024-04-30 17:59:27.057,1397,1464,1401,1500,1485,1465,1471,1435,1449,1467
2024-04-30 17:59:27.097,1401,1466,1401,1512,1481,1460,1482,1434,1446,1476
2024-04-30 17:59:27.137,1407,1477,1413,1515,1485,1464,1492,1439,1453,1481
2024-04-30 17:59:27.177,1403,1480,1417,1511,1494,1471,1485,1449,1463,1487
2024-04-30 17:59:27.217,1407,1469,1419,1514,1484,1463,1490,1444,1452,1482
2024-04-30 17:59:27.257,1399,1479,1414,1507,1491,1459,1482,1446,1451,1475
2024-04-30 17:59:27.297,1399,1469,1415,1507,1489,1469,1480,1440,1449,1471
2024-04-30 17:59:27.337,1400,1467,1413,1512,1480,1460,1484,1436,1447,1479
2024-04-30 17:59:27.377,1396,1471,1405,1513,1485,1463,1483,1438,1450,1482
2024-04-30 17:59:27.417,1399,1480,1407,1511,1492,1462,1481,1446,1453,1480
2024-04-30 17:59:27.457,1405,1484,1419,1515,1498,1471,1487,1451,1453,1481
2024-04-30 17:59:27.497,1405,1487,1419,1517,1499,1480,1485,1450,1464,1486
2024-04-30 17:59:27.537,1429,1485,1421,1531,1499,1479,1503,1451,1465,1492
2024-04-30 17:59:27.577,1422,1497,1432,1528,1509,1493,1500,1463,1479,1499
2024-04-30 17:59:27.617,1429,1499,1437,1531,1511,1491,1508,1463,1471,1492
2024-04-30 17:59:27.657,1433,1504,1444,1543,1519,1500,1510,1470,1479,1494
2024-04-30 17:59:27.697,1439,1499,1448,1549,1514,1496,1515,1466,1482,1497
2024-04-30 17:59:27.737,1436,1507,1445,1543,1523,1508,1509,1469,1487,1503
2024-04-30 17:59:27.777,1439,1494,1437,1545,1512,1493,1512,1460,1479,1496
2024-04-30 17:59:27.817,1431,1500,1439,1531,1510,1490,1503,1461,1468,1491
2024-04-30 17:59:27.857,1429,1498,1434,1544,1510,1493,1511,1460,1477,1494
2024-04-30 17:59:27.897,1437,1497,1435,1542,1512,1498,1516,1461,1480,1496
2024-04-30 17:59:27.937,1443,1501,1440,1548,1518,1501,1518,1465,1486,1499
2024-04-30 17:59:27.977,1445,1503,1445,1544,1523,1507,1512,1469,1491,1501
2024-04-30 17:59:28.017,1433,1501,1443,1531,1517,1500,1514,1466,1485,1501
2024-04-30 17:59:28.057,1439,1499,1451,1546,1523,1498,1513,1469,1482,1497
2024-04-30 17:59:28.097,1439,1497,1438,1545,1513,1496,1514,1461,1480,1497
2024-04-30 17:59:28.137,1431,1500,1444,1531,1518,1501,1507,1468,1483,1493
2024-04-30 17:59:28.177,1433,1491,1443,1532,1513,1492,1503,1464,1479,1491
2024-04-30 17:59:28.217,1429,1497,1439,1531,1516,1497,1500,1464,1481,1497
2024-04-30 17:59:28.257,1438,1497,1435,1542,1514,1495,1511,1460,1479,1496
2024-04-30 17:59:28.297,1438,1496,1439,1546,1514,1496,1514,1459,1479,1496
2024-04-30 17:59:28.337,1437,1503,1444,1543,1523,1494,1508,1467,1477,1495
2024-04-30 17:59:28.377,1439,1501,1439,1545,1516,1499,1512,1464,1482,1498
2024-04-30 17:59:28.417,1443,1501,1443,1545,1519,1500,1517,1464,1483,1499
2024-04-30 17:59:28.457,1445,1501,1443,1544,1517,1501,1509,1464,1482,1497
2024-04-30 17:59:28.497,1435,1507,1447,1533,1523,1507,1508,1464,1487,1499
2024-04-30 17:59:28.537,1447,1503,1439,1550,1519,1501,1517,1464,1485,1501
2024-04-30 17:59:28.577,1455,1511,1452,1560,1530,1513,1531,1479,1493,1508
2024-04-30 17:59:28.617,1452,1508,1453,1556,1530,1509,1523,1470,1491,1499
2024-04-30 17:59:28.657,1439,1508,1447,1544,1523,1509,1511,1469,1493,1500
2024-04-30 17:59:28.697,1449,1513,1455,1549,1531,1510,1517,1477,1490,1499
2024-04-30 17:59:28.737,1452,1515,1464,1557,1531,1511,1525,1479,1495,1502
2024-04-30 17:59:28.777,1447,1515,1460,1553,1532,1516,1523,1482,1500,1503
2024-04-30 17:59:28.817,1448,1516,1461,1554,1531,1511,1523,1483,1492,1500
2024-04-30 17:59:28.857,1455,1513,1455,1555,1532,1517,1520,1483,1501,1512
2024-04-30 17:59:28.897,1445,1514,1454,1556,1528,1513,1525,1477,1496,1505
2024-04-30 17:59:28.937,1445,1503,1459,1554,1520,1502,1520,1466,1489,1499
2024-04-30 17:59:28.977,1449,1510,1451,1554,1527,1509,1525,1471,1495,1506
2024-04-30 17:59:29.017,1450,1517,1463,1557,1545,1519,1525,1486,1503,1503
2024-04-30 17:59:29.057,1447,1524,1462,1563,1529,1507,1486,1453,1467,1491
2024-04-30 17:59:29.097,1459,1524,1468,1563,1545,1519,1499,1467,1493,1493
2024-04-30 17:59:29.137,1459,1529,1467,1563,1549,1525,1529,1484,1501,1510
2024-04-30 17:59:29.177,1464,1525,1471,1565,1543,1519,1541,1495,1505,1509
2024-04-30 17:59:29.217,1461,1523,1465,1560,1547,1526,1541,1492,1511,1513
2024-04-30 17:59:29.257,1467,1517,1461,1564,1542,1519,1549,1491,1509,1511
2024-04-30 17:59:29.297,1447,1514,1453,1547,1531,1514,1529,1481,1499,1509
2024-04-30 17:59:29.337,1459,1511,1453,1557,1529,1511,1541,1478,1495,1506
2024-04-30 17:59:29.377,1451,1517,1461,1555,1532,1516,1529,1483,1503,1511
2024-04-30 17:59:29.417,1451,1511,1459,1559,1525,1509,1531,1470,1494,1508
2024-04-30 17:59:29.457,1447,1502,1455,1550,1523,1500,1525,1479,1492,1500
2024-04-30 17:59:29.497,1453,1511,1452,1557,1528,1511,1531,1476,1499,1507
2024-04-30 17:59:29.537,1449,1512,1453,1559,1529,1511,1531,1477,1497,1507
2024-04-30 17:59:29.577,1461,1517,1458,1562,1541,1517,1544,1483,1500,1509
2024-04-30 17:59:29.617,1455,1523,1463,1565,1547,1523,1547,1485,1509,1511
2024-04-30 17:59:29.657,1455,1523,1465,1566,1547,1526,1543,1489,1509,1513
2024-04-30 17:59:29.697,1455,1528,1467,1561,1549,1525,1541,1491,1511,1510
2024-04-30 17:59:29.737,1469,1519,1466,1567,1544,1517,1549,1485,1502,1512
2024-04-30 17:59:29.777,1465,1519,1480,1568,1546,1524,1550,1489,1509,1515
2024-04-30 17:59:29.817,1464,1529,1477,1566,1554,1531,1547,1497,1513,1519
2024-04-30 17:59:29.857,1467,1529,1479,1565,1557,1533,1547,1495,1517,1518
2024-04-30 17:59:29.897,1469,1527,1483,1568,1547,1524,1547,1498,1513,1513
2024-04-30 17:59:29.937,1465,1530,1478,1565,1554,1531,1545,1495,1515,1519
2024-04-30 17:59:29.977,1461,1526,1477,1565,1553,1528,1543,1493,1515,1519
2024-04-30 17:59:30.017,1469,1519,1468,1565,1544,1519,1545,1485,1505,1512
2024-04-30 17:59:30.057,1470,1532,1481,1567,1560,1541,1549,1498,1519,1523
2024-04-30 17:59:30.097,1470,1541,1484,1573,1560,1545,1555,1505,1519,1524
2024-04-30 17:59:30.137,1485,1541,1480,1580,1559,1540,1561,1498,1516,1518
2024-04-30 17:59:30.177,1487,1540,1484,1578,1560,1542,1561,1499,1519,1523
2024-04-30 17:59:30.217,1467,1531,1481,1567,1556,1532,1546,1497,1515,1512
2024-04-30 17:59:30.257,1469,1528,1481,1568,1549,1525,1547,1497,1507,1513
2024-04-30 17:59:30.297,1478,1529,1471,1573,1554,1528,1556,1494,1513,1517
2024-04-30 17:59:30.337,1477,1543,1487,1575,1565,1547,1551,1502,1524,1523
2024-04-30 17:59:30.377,1477,1526,1486,1575,1554,1527,1555,1497,1511,1517
2024-04-30 17:59:30.417,1468,1531,1483,1567,1559,1530,1545,1495,1513,1517
2024-04-30 17:59:30.457,1465,1529,1479,1565,1555,1530,1542,1493,1513,1517
2024-04-30 17:59:30.497,1477,1527,1477,1577,1550,1527,1556,1491,1512,1516
2024-04-30 17:59:30.537,1465,1531,1477,1564,1557,1529,1543,1493,1514,1519
2024-04-30 17:59:30.577,1472,1541,1484,1573,1564,1545,1555,1501,1522,1543
2024-04-30 17:59:30.617,1480,1529,1483,1576,1554,1529,1557,1493,1513,1519
2024-04-30 17:59:30.657,1470,1541,1483,1568,1560,1541,1548,1497,1518,1523
2024-04-30 17:59:30.697,1481,1531,1484,1578,1558,1532,1559,1494,1514,1518
2024-04-30 17:59:30.737,1471,1531,1482,1577,1558,1533,1561,1497,1517,1524
2024-04-30 17:59:30.777,1471,1543,1485,1577,1564,1530,1555,1497,1519,1514
2024-04-30 17:59:30.817,1479,1528,1485,1577,1555,1530,1555,1487,1511,1513
2024-04-30 17:59:30.857,1469,1533,1485,1575,1561,1544,1549,1500,1523,1523
2024-04-30 17:59:30.897,1479,1545,1490,1577,1567,1549,1557,1507,1522,1517
2024-04-30 17:59:30.937,1483,1539,1495,1581,1559,1540,1558,1498,1517,1519
2024-04-30 17:59:30.977,1485,1532,1481,1577,1561,1543,1563,1499,1518,1519
2024-04-30 17:59:31.017,1471,1527,1485,1577,1554,1528,1554,1494,1511,1517
2024-04-30 17:59:31.057,1468,1532,1482,1573,1560,1541,1549,1496,1517,1523
2024-04-30 17:59:31.097,1479,1541,1485,1573,1559,1543,1560,1497,1519,1525
2024-04-30 17:59:31.137,1475,1540,1484,1576,1561,1543,1548,1498,1519,1523
2024-04-30 17:59:31.177,1469,1541,1483,1572,1561,1543,1555,1496,1517,1524
2024-04-30 17:59:31.217,1490,1541,1496,1583,1563,1544,1564,1511,1517,1527
2024-04-30 17:59:31.257,1469,1544,1483,1588,1555,1525,1507,1463,1483,1497
2024-04-30 17:59:31.297,1477,1529,1485,1577,1559,1530,1514,1480,1489,1500
2024-04-30 17:59:31.337,1477,1532,1483,1575,1562,1542,1531,1493,1511,1516
2024-04-30 17:59:31.377,1481,1544,1485,1580,1564,1545,1555,1501,1524,1526
2024-04-30 17:59:31.417,1472,1541,1483,1573,1563,1545,1555,1502,1525,1526
2024-04-30 17:59:31.457,1477,1545,1485,1575,1563,1547,1560,1502,1529,1525
2024-04-30 17:59:31.497,1479,1545,1486,1573,1565,1549,1561,1507,1529,1525
2024-04-30 17:59:31.539,1485,1533,1486,1582,1563,1543,1567,1499,1525,1519
2024-04-30 17:59:31.580,1479,1543,1484,1587,1564,1545,1573,1503,1525,1523
2024-04-30 17:59:31.621,1485,1553,1494,1580,1575,1556,1565,1512,1541,1529
2024-04-30 17:59:31.662,1485,1545,1493,1581,1575,1555,1565,1512,1543,1526
2024-04-30 17:59:31.703,1478,1543,1491,1576,1567,1547,1559,1505,1527,1523
2024-04-30 17:59:31.744,1479,1543,1487,1577,1566,1545,1558,1507,1527,1519
2024-04-30 17:59:31.785,1487,1542,1495,1582,1564,1545,1564,1512,1520,1517
2024-04-30 17:59:31.826,1483,1554,1495,1580,1577,1556,1565,1509,1540,1525
2024-04-30 17:59:31.867,1481,1545,1485,1589,1566,1545,1567,1501,1523,1519
2024-04-30 17:59:31.908,1480,1533,1485,1575,1567,1545,1555,1499,1524,1522
2024-04-30 17:59:31.949,1471,1540,1481,1578,1559,1531,1561,1493,1516,1514
2024-04-30 17:59:31.990,1483,1553,1495,1580,1574,1553,1563,1508,1530,1525
2024-04-30 17:59:32.031,1492,1544,1495,1584,1565,1545,1565,1501,1525,1517
2024-04-30 17:59:32.072,1481,1544,1487,1581,1561,1534,1561,1507,1519,1516
2024-04-30 17:59:32.110,1483,1540,1492,1578,1564,1532,1560,1508,1523,1515
2024-04-30 17:59:32.150,1493,1548,1499,1593,1573,1553,1576,1511,1531,1525
2024-04-30 17:59:32.190,1501,1553,1511,1596,1574,1555,1578,1513,1533,1527
2024-04-30 17:59:32.230,1497,1560,1503,1593,1582,1563,1576,1523,1548,1543
2024-04-30 17:59:32.270,1503,1556,1513,1605,1576,1559,1587,1517,1545,1541
2024-04-30 17:59:32.310,1493,1557,1501,1589,1578,1563,1574,1518,1545,1545
2024-04-30 17:59:32.350,1497,1557,1499,1591,1575,1560,1574,1516,1545,1541
2024-04-30 17:59:32.390,1493,1557,1501,1588,1577,1559,1571,1517,1545,1530
2024-04-30 17:59:32.430,1498,1549,1498,1593,1568,1554,1577,1510,1531,1530
2024-04-30 17:59:32.470,1501,1555,1496,1592,1573,1558,1580,1514,1541,1542
2024-04-30 17:59:32.510,1499,1549,1508,1596,1575,1557,1579,1523,1540,1531
2024-04-30 17:59:32.550,1503,1557,1499,1589,1579,1563,1573,1517,1548,1543
2024-04-30 17:59:32.590,1507,1555,1499,1598,1577,1562,1583,1514,1545,1541
2024-04-30 17:59:32.630,1507,1559,1500,1599,1579,1561,1583,1517,1547,1542
2024-04-30 17:59:32.670,1501,1555,1507,1595,1574,1559,1579,1512,1543,1540
2024-04-30 17:59:32.710,1495,1555,1501,1588,1577,1561,1567,1515,1545,1526
2024-04-30 17:59:32.750,1498,1557,1501,1591,1578,1556,1572,1516,1531,1526
2024-04-30 17:59:32.790,1499,1559,1500,1589,1580,1557,1573,1517,1547,1526
2024-04-30 17:59:32.830,1498,1548,1507,1594,1571,1555,1577,1510,1541,1531
2024-04-30 17:59:32.870,1502,1548,1501,1595,1574,1557,1578,1512,1542,1531
2024-04-30 17:59:32.910,1493,1544,1490,1578,1566,1553,1560,1507,1529,1527
2024-04-30 17:59:32.950,1493,1544,1485,1588,1565,1546,1567,1499,1527,1523
2024-04-30 17:59:32.990,1481,1544,1485,1579,1563,1549,1564,1499,1526,1527
2024-04-30 17:59:33.030,1487,1555,1494,1583,1573,1556,1561,1511,1540,1530
2024-04-30 17:59:33.070,1492,1555,1500,1589,1575,1559,1567,1516,1532,1527
2024-04-30 17:59:33.110,1499,1550,1508,1594,1572,1555,1576,1513,1541,1531
2024-04-30 17:59:33.150,1500,1558,1501,1592,1581,1567,1575,1519,1551,1542
2024-04-30 17:59:33.190,1501,1563,1512,1595,1584,1573,1577,1525,1555,1529
2024-04-30 17:59:33.230,1509,1559,1501,1606,1583,1565,1588,1519,1553,1543
2024-04-30 17:59:33.270,1499,1560,1505,1592,1581,1565,1573,1517,1553,1545
2024-04-30 17:59:33.310,1507,1555,1501,1599,1576,1561,1583,1512,1547,1540
2024-04-30 17:59:33.350,1501,1563,1509,1593,1587,1567,1579,1524,1555,1545
2024-04-30 17:59:33.390,1501,1561,1507,1593,1583,1571,1575,1519,1554,1543
2024-04-30 17:59:33.430,1485,1556,1501,1595,1564,1543,1519,1479,1501,1509
2024-04-30 17:59:33.470,1493,1559,1499,1590,1575,1554,1531,1495,1517,1525
2024-04-30 17:59:33.510,1509,1559,1503,1604,1579,1561,1574,1511,1532,1531
2024-04-30 17:59:33.550,1500,1560,1503,1603,1581,1563,1587,1517,1549,1544
2024-04-30 17:59:33.590,1509,1559,1512,1603,1580,1562,1588,1518,1547,1541
2024-04-30 17:59:33.630,1509,1558,1512,1597,1579,1563,1589,1529,1549,1542
2024-04-30 17:59:33.670,1501,1560,1508,1592,1583,1567,1581,1524,1560,1547
2024-04-30 17:59:33.710,1507,1563,1509,1599,1589,1573,1589,1527,1557,1548
2024-04-30 17:59:33.750,1507,1563,1511,1595,1590,1574,1587,1529,1561,1547
2024-04-30 17:59:33.790,1502,1559,1507,1596,1583,1567,1583,1526,1557,1548
2024-04-30 17:59:33.830,1509,1557,1499,1597,1580,1563,1588,1522,1547,1541
2024-04-30 17:59:33.870,1495,1553,1494,1593,1574,1557,1579,1512,1544,1530
2024-04-30 17:59:33.910,1493,1553,1495,1595,1573,1556,1571,1513,1545,1531
2024-04-30 17:59:33.950,1495,1557,1499,1587,1578,1561,1573,1519,1547,1533
2024-04-30 17:59:33.990,1496,1548,1502,1592,1571,1553,1579,1509,1533,1529
2024-04-30 17:59:34.030,1495,1547,1493,1591,1567,1548,1575,1507,1529,1529
2024-04-30 17:59:34.070,1496,1545,1502,1591,1572,1549,1572,1515,1530,1527
2024-04-30 17:59:34.110,1502,1551,1499,1595,1576,1555,1581,1513,1543,1533
2024-04-30 17:59:34.150,1493,1556,1502,1589,1579,1560,1573,1518,1547,1541
2024-04-30 17:59:34.190,1500,1553,1495,1595,1574,1555,1578,1511,1541,1532
2024-04-30 17:59:34.230,1495,1560,1503,1592,1581,1564,1575,1519,1551,1541
2024-04-30 17:59:34.270,1501,1560,1507,1594,1581,1565,1578,1523,1551,1544
2024-04-30 17:59:34.310,1508,1559,1507,1607,1580,1561,1589,1516,1550,1543
2024-04-30 17:59:34.350,1509,1560,1517,1603,1581,1560,1587,1524,1548,1543
2024-04-30 17:59:34.390,1501,1558,1501,1589,1582,1563,1574,1519,1551,1543
2024-04-30 17:59:34.430,1510,1559,1507,1605,1579,1562,1583,1516,1547,1542
2024-04-30 17:59:34.470,1508,1557,1512,1599,1589,1562,1581,1527,1545,1539
2024-04-30 17:59:34.510,1499,1561,1509,1595,1587,1555,1577,1525,1553,1529
2024-04-30 17:59:34.550,1499,1561,1501,1597,1583,1563,1588,1519,1553,1543
2024-04-30 17:59:34.590,1503,1558,1509,1596,1576,1557,1580,1523,1545,1531
2024-04-30 17:59:34.630,1507,1556,1512,1597,1578,1559,1583,1515,1545,1541
2024-04-30 17:59:34.670,1501,1553,1506,1593,1573,1555,1579,1510,1540,1530
2024-04-30 17:59:34.710,1491,1555,1497,1591,1576,1559,1580,1513,1543,1533
2024-04-30 17:59:34.750,1497,1557,1501,1592,1582,1564,1574,1519,1547,1533
2024-04-30 17:59:34.790,1497,1560,1501,1593,1583,1563,1575,1517,1549,1540
2024-04-30 17:59:34.830,1502,1560,1500,1591,1582,1563,1577,1517,1548,1541
2024-04-30 17:59:34.870,1501,1555,1510,1597,1582,1560,1583,1513,1544,1531
2024-04-30 17:59:34.910,1499,1561,1509,1593,1586,1561,1579,1522,1544,1529
2024-04-30 17:59:34.950,1496,1548,1491,1591,1573,1553,1575,1508,1533,1529
2024-04-30 17:59:34.990,1495,1553,1493,1588,1575,1557,1567,1511,1541,1531
2024-04-30 17:59:35.030,1501,1561,1502,1603,1580,1562,1587,1517,1548,1541
2024-04-30 17:59:35.070,1507,1555,1502,1599,1580,1560,1582,1514,1548,1541
2024-04-30 17:59:35.110,1497,1555,1503,1591,1581,1562,1574,1519,1541,1528
2024-04-30 17:59:35.150,1499,1561,1506,1591,1582,1563,1573,1517,1547,1541
2024-04-30 17:59:35.190,1507,1555,1500,1604,1580,1561,1588,1515,1546,1541
2024-04-30 17:59:35.230,1506,1554,1511,1595,1589,1559,1577,1523,1544,1529
2024-04-30 17:59:35.270,1500,1563,1511,1595,1587,1567,1583,1523,1555,1547
2024-04-30 17:59:35.310,1510,1567,1513,1598,1594,1575,1584,1528,1559,1546
2024-04-30 17:59:35.350,1509,1565,1513,1599,1590,1566,1580,1528,1551,1532
2024-04-30 17:59:35.390,1507,1560,1506,1598,1583,1565,1585,1517,1548,1544
2024-04-30 17:59:35.430,1508,1560,1514,1606,1580,1562,1587,1522,1547,1533
2024-04-30 17:59:35.470,1501,1564,1511,1597,1589,1571,1581,1525,1555,1529
2024-04-30 17:59:35.510,1503,1563,1509,1595,1588,1571,1580,1524,1559,1545
2024-04-30 17:59:35.550,1501,1561,1509,1597,1583,1563,1580,1523,1541,1529
2024-04-30 17:59:35.590,1499,1561,1507,1597,1583,1565,1577,1519,1553,1543
2024-04-30 17:59:35.630,1497,1559,1509,1599,1580,1555,1523,1493,1512,1510
2024-04-30 17:59:35.670,1509,1561,1516,1607,1590,1559,1555,1508,1517,1519
2024-04-30 17:59:35.710,1513,1574,1517,1609,1595,1579,1582,1528,1555,1545
2024-04-30 17:59:35.750,1527,1574,1523,1612,1599,1582,1606,1542,1564,1554
2024-04-30 17:59:35.790,1527,1579,1523,1619,1599,1583,1613,1544,1570,1557
2024-04-30 17:59:35.830,1523,1578,1525,1612,1605,1586,1605,1550,1567,1546
2024-04-30 17:59:35.870,1525,1567,1516,1612,1596,1579,1610,1542,1565,1555
2024-04-30 17:59:35.910,1518,1565,1512,1609,1592,1575,1607,1532,1563,1555
2024-04-30 17:59:35.950,1511,1572,1517,1604,1595,1572,1597,1541,1559,1543
2024-04-30 17:59:35.990,1508,1571,1513,1598,1593,1564,1592,1532,1560,1541
2024-04-30 17:59:36.030,1507,1565,1513,1597,1590,1560,1588,1529,1549,1533
2024-04-30 17:59:36.070,1507,1561,1515,1597,1583,1560,1590,1527,1548,1541
2024-04-30 17:59:36.110,1500,1555,1501,1594,1575,1556,1583,1517,1547,1531
2024-04-30 17:59:36.150,1495,1559,1501,1587,1581,1561,1589,1517,1553,1542
2024-04-30 17:59:36.190,1499,1561,1507,1593,1587,1564,1583,1524,1549,1531
2024-04-30 17:59:36.230,1518,1568,1515,1605,1593,1579,1598,1530,1565,1551
2024-04-30 17:59:36.270,1525,1567,1513,1613,1595,1576,1607,1529,1563,1549
2024-04-30 17:59:36.310,1519,1571,1516,1613,1595,1578,1599,1531,1566,1551
2024-04-30 17:59:36.350,1515,1573,1515,1611,1593,1577,1597,1531,1565,1551
2024-04-30 17:59:36.390,1515,1574,1520,1609,1597,1573,1597,1543,1560,1544
2024-04-30 17:59:36.430,1509,1568,1515,1599,1594,1579,1589,1532,1565,1546
2024-04-30 17:59:36.470,1511,1560,1511,1607,1585,1567,1595,1525,1557,1543
2024-04-30 17:59:36.510,1517,1563,1514,1604,1593,1575,1596,1529,1564,1549
2024-04-30 17:59:36.550,1508,1572,1515,1605,1593,1579,1589,1533,1565,1551
2024-04-30 17:59:36.592,1519,1567,1515,1612,1594,1580,1595,1531,1566,1550
2024-04-30 17:59:36.633,1514,1574,1519,1608,1598,1581,1593,1531,1567,1545
2024-04-30 17:59:36.674,1519,1572,1515,1613,1595,1578,1604,1528,1563,1544
2024-04-30 17:59:36.715,1511,1563,1516,1604,1597,1579,1588,1528,1561,1542
2024-04-30 17:59:36.756,1507,1559,1511,1597,1583,1563,1580,1523,1556,1527
2024-04-30 17:59:36.797,1496,1561,1503,1600,1581,1563,1589,1515,1548,1532
2024-04-30 17:59:36.838,1508,1559,1511,1597,1581,1564,1587,1523,1547,1519
2024-04-30 17:59:36.879,1507,1560,1513,1598,1593,1574,1581,1525,1558,1528
2024-04-30 17:59:36.920,1501,1563,1513,1605,1583,1564,1589,1527,1553,1531
2024-04-30 17:59:36.961,1507,1565,1511,1597,1593,1574,1580,1524,1557,1540
2024-04-30 17:59:36.999,1501,1560,1507,1592,1588,1565,1574,1519,1550,1529
2024-04-30 17:59:37.042,1497,1563,1507,1591,1583,1563,1583,1515,1547,1529
2024-04-30 17:59:37.083,1503,1560,1509,1594,1587,1566,1577,1518,1549,1532
2024-04-30 17:59:37.124,1508,1557,1512,1595,1589,1568,1577,1526,1555,1541
2024-04-30 17:59:37.162,1507,1556,1509,1596,1591,1564,1581,1525,1545,1525
2024-04-30 17:59:37.202,1499,1563,1509,1595,1589,1567,1577,1523,1555,1541
2024-04-30 17:59:37.242,1501,1563,1509,1596,1587,1563,1576,1523,1554,1543
2024-04-30 17:59:37.282,1511,1561,1519,1605,1583,1561,1589,1523,1549,1542
2024-04-30 17:59:37.322,1516,1564,1510,1609,1590,1564,1593,1525,1557,1544
2024-04-30 17:59:37.362,1509,1571,1517,1604,1595,1575,1589,1531,1561,1549
2024-04-30 17:59:37.402,1514,1575,1519,1608,1597,1579,1592,1541,1566,1556
2024-04-30 17:59:37.442,1511,1566,1513,1604,1592,1573,1583,1529,1564,1548
2024-04-30 17:59:37.482,1511,1567,1515,1599,1591,1567,1583,1527,1559,1533
2024-04-30 17:59:37.522,1513,1559,1508,1607,1583,1563,1589,1523,1554,1543
2024-04-30 17:59:37.562,1516,1575,1525,1613,1593,1573,1594,1546,1564,1545
2024-04-30 17:59:37.602,1528,1575,1525,1618,1595,1578,1603,1541,1566,1549
2024-04-30 17:59:37.642,1517,1576,1527,1609,1605,1583,1594,1544,1573,1553
2024-04-30 17:59:37.682,1516,1577,1526,1608,1597,1578,1595,1543,1568,1548
2024-04-30 17:59:37.722,1515,1573,1524,1609,1603,1571,1593,1543,1558,1544
2024-04-30 17:59:37.762,1517,1565,1515,1612,1592,1575,1598,1529,1564,1548
2024-04-30 17:59:37.802,1515,1576,1527,1611,1605,1581,1597,1545,1573,1548
2024-04-30 17:59:37.842,1511,1575,1519,1609,1591,1561,1533,1500,1529,1523
2024-04-30 17:59:37.882,1503,1573,1516,1605,1589,1567,1555,1511,1540,1530
2024-04-30 17:59:37.922,1519,1567,1526,1613,1592,1573,1589,1524,1557,1544
2024-04-30 17:59:37.962,1512,1563,1519,1609,1589,1573,1594,1525,1558,1545
2024-04-30 17:59:38.002,1519,1567,1522,1612,1593,1574,1605,1530,1561,1550
2024-04-30 17:59:38.042,1519,1577,1517,1608,1595,1578,1606,1533,1572,1555
2024-04-30 17:59:38.082,1507,1573,1515,1599,1595,1578,1592,1541,1564,1549
2024-04-30 17:59:38.122,1514,1565,1519,1609,1589,1571,1606,1531,1562,1548
2024-04-30 17:59:38.162,1513,1559,1511,1604,1583,1563,1594,1526,1555,1543
2024-04-30 17:59:38.202,1509,1555,1515,1597,1579,1563,1588,1531,1549,1540
2024-04-30 17:59:38.242,1506,1561,1506,1593,1587,1563,1589,1527,1555,1544
2024-04-30 17:59:38.282,1499,1563,1510,1597,1590,1572,1587,1527,1559,1542
2024-04-30 17:59:38.322,1501,1563,1509,1598,1589,1565,1595,1524,1557,1546
2024-04-30 17:59:38.362,1501,1565,1511,1597,1591,1571,1581,1527,1558,1547
2024-04-30 17:59:38.402,1511,1559,1513,1605,1587,1565,1593,1526,1558,1545
2024-04-30 17:59:38.442,1503,1566,1512,1607,1591,1575,1589,1529,1560,1547
2024-04-30 17:59:38.482,1513,1563,1511,1605,1587,1566,1595,1525,1557,1545
2024-04-30 17:59:38.522,1501,1555,1511,1594,1577,1557,1583,1513,1548,1531
2024-04-30 17:59:38.562,1499,1565,1509,1596,1586,1557,1581,1527,1545,1541
2024-04-30 17:59:38.602,1501,1563,1509,1605,1588,1571,1583,1523,1557,1547
2024-04-30 17:59:38.642,1509,1572,1516,1605,1594,1576,1605,1529,1563,1548
2024-04-30 17:59:38.682,1515,1563,1511,1605,1583,1563,1590,1522,1549,1545
2024-04-30 17:59:38.722,1500,1561,1510,1592,1587,1564,1579,1519,1555,1533
2024-04-30 17:59:38.762,1499,1559,1499,1595,1578,1558,1576,1516,1544,1543
2024-04-30 17:59:38.802,1497,1559,1507,1592,1587,1557,1579,1522,1549,1528
2024-04-30 17:59:38.842,1499,1563,1510,1593,1587,1557,1581,1525,1545,1541
2024-04-30 17:59:38.882,1509,1572,1517,1606,1595,1571,1592,1529,1555,1544
2024-04-30 17:59:38.922,1517,1575,1517,1614,1597,1580,1603,1531,1567,1555
2024-04-30 17:59:38.962,1526,1576,1528,1621,1603,1582,1607,1543,1572,1553
2024-04-30 17:59:39.002,1531,1583,1529,1626,1608,1590,1613,1546,1574,1556
2024-04-30 17:59:39.042,1531,1576,1533,1621,1599,1580,1606,1545,1571,1555
2024-04-30 17:59:39.082,1519,1581,1529,1612,1609,1576,1599,1546,1564,1549
2024-04-30 17:59:39.122,1515,1578,1523,1612,1603,1585,1595,1545,1572,1557
2024-04-30 17:59:39.162,1514,1576,1527,1610,1605,1583,1594,1544,1573,1550
2024-04-30 17:59:39.202,1517,1576,1528,1611,1599,1585,1597,1544,1563,1545
2024-04-30 17:59:39.242,1515,1576,1525,1609,1604,1575,1595,1543,1560,1545
2024-04-30 17:59:39.282,1513,1575,1522,1607,1599,1579,1590,1533,1565,1551
2024-04-30 17:59:39.322,1513,1575,1519,1611,1597,1580,1589,1533,1567,1550
2024-04-30 17:59:39.362,1523,1571,1529,1619,1596,1581,1603,1541,1563,1547
2024-04-30 17:59:39.402,1527,1581,1531,1618,1607,1589,1607,1549,1573,1549
2024-04-30 17:59:39.442,1529,1573,1528,1621,1599,1581,1607,1540,1571,1556
2024-04-30 17:59:39.482,1519,1579,1528,1611,1606,1583,1597,1545,1572,1556
2024-04-30 17:59:39.522,1524,1577,1522,1611,1604,1581,1605,1543,1571,1555
2024-04-30 17:59:39.562,1524,1573,1519,1619,1595,1578,1599,1531,1565,1550
2024-04-30 17:59:39.602,1519,1567,1513,1614,1595,1577,1598,1529,1559,1547
2024-04-30 17:59:39.642,1519,1571,1525,1611,1607,1571,1596,1544,1566,1545
2024-04-30 17:59:39.682,1516,1566,1522,1609,1595,1571,1596,1543,1559,1547
2024-04-30 17:59:39.722,1516,1566,1515,1605,1595,1573,1593,1528,1560,1547
2024-04-30 17:59:39.762,1515,1563,1520,1609,1591,1567,1595,1525,1557,1546
2024-04-30 17:59:39.802,1510,1571,1516,1605,1597,1575,1587,1529,1562,1549
2024-04-30 17:59:39.842,1501,1565,1511,1597,1590,1571,1580,1528,1557,1531
2024-04-30 17:59:39.882,1510,1560,1515,1598,1588,1561,1587,1529,1548,1533
2024-04-30 17:59:39.922,1502,1565,1511,1595,1590,1571,1587,1525,1555,1544
2024-04-30 17:59:39.962,1511,1566,1515,1598,1594,1573,1589,1529,1559,1546
2024-04-30 17:59:40.003,1494,1561,1509,1610,1575,1545,1527,1483,1507,1510
2024-04-30 17:59:40.043,1511,1573,1517,1609,1595,1567,1555,1511,1541,1528
2024-04-30 17:59:40.083,1511,1576,1516,1613,1595,1573,1589,1524,1553,1545
2024-04-30 17:59:40.123,1523,1572,1528,1613,1595,1575,1598,1539,1559,1553
2024-04-30 17:59:40.163,1517,1575,1517,1613,1597,1577,1609,1542,1566,1553
2024-04-30 17:59:40.203,1525,1579,1526,1619,1605,1583,1615,1546,1573,1555
2024-04-30 17:59:40.243,1527,1575,1528,1614,1597,1577,1609,1545,1565,1551
2024-04-30 17:59:40.283,1515,1575,1523,1609,1599,1579,1612,1544,1573,1555
2024-04-30 17:59:40.323,1528,1575,1531,1619,1603,1581,1615,1547,1574,1555
2024-04-30 17:59:40.363,1523,1582,1529,1613,1611,1593,1608,1549,1579,1558
2024-04-30 17:59:40.403,1527,1572,1519,1615,1598,1581,1611,1541,1572,1557
2024-04-30 17:59:40.443,1528,1573,1523,1619,1598,1581,1613,1544,1573,1555
2024-04-30 17:59:40.483,1519,1575,1523,1611,1605,1583,1606,1547,1575,1556
2024-04-30 17:59:40.523,1517,1571,1517,1613,1594,1577,1608,1533,1566,1551
2024-04-30 17:59:40.563,1523,1573,1517,1615,1597,1577,1610,1533,1567,1553
2024-04-30 17:59:40.603,1517,1578,1519,1613,1599,1587,1610,1541,1571,1545
2024-04-30 17:59:40.643,1519,1579,1523,1607,1599,1583,1595,1543,1573,1553
2024-04-30 17:59:40.683,1513,1576,1523,1607,1599,1579,1597,1541,1565,1547
2024-04-30 17:59:40.723,1515,1573,1523,1610,1592,1573,1599,1545,1560,1546
2024-04-30 17:59:40.763,1515,1576,1522,1607,1596,1581,1596,1543,1566,1543
2024-04-30 17:59:40.803,1511,1571,1517,1604,1597,1577,1591,1531,1562,1551
2024-04-30 17:59:40.843,1511,1572,1518,1606,1593,1576,1592,1531,1564,1540
2024-04-30 17:59:40.883,1513,1572,1517,1604,1595,1577,1604,1531,1565,1553
2024-04-30 17:59:40.923,1512,1561,1509,1605,1587,1563,1593,1519,1555,1543
2024-04-30 17:59:40.963,1503,1567,1513,1595,1593,1571,1583,1527,1561,1543
2024-04-30 17:59:41.003,1515,1574,1519,1607,1598,1579,1592,1540,1567,1551
2024-04-30 17:59:41.043,1531,1575,1529,1616,1598,1577,1605,1548,1572,1549
2024-04-30 17:59:41.083,1525,1587,1531,1619,1609,1591,1607,1549,1579,1561
2024-04-30 17:59:41.123,1523,1583,1528,1615,1607,1589,1604,1548,1577,1557
2024-04-30 17:59:41.163,1523,1581,1529,1612,1608,1587,1610,1547,1577,1559
2024-04-30 17:59:41.203,1542,1581,1529,1627,1607,1588,1619,1549,1575,1559
2024-04-30 17:59:41.243,1519,1581,1528,1619,1609,1587,1609,1544,1575,1558
2024-04-30 17:59:41.283,1519,1578,1525,1609,1605,1583,1595,1544,1571,1555
2024-04-30 17:59:41.323,1517,1575,1525,1609,1605,1583,1594,1544,1572,1557
2024-04-30 17:59:41.363,1517,1567,1513,1609,1593,1576,1596,1529,1560,1548
2024-04-30 17:59:41.403,1515,1567,1513,1607,1592,1575,1595,1528,1561,1549
2024-04-30 17:59:41.443,1519,1571,1515,1611,1594,1573,1597,1528,1560,1547
2024-04-30 17:59:41.483,1515,1563,1523,1608,1590,1565,1593,1524,1560,1547
2024-04-30 17:59:41.523,1509,1567,1513,1599,1592,1573,1592,1527,1560,1547
2024-04-30 17:59:41.563,1515,1563,1515,1609,1588,1567,1592,1523,1556,1545
2024-04-30 17:59:41.603,1515,1564,1512,1609,1588,1567,1592,1523,1556,1545
2024-04-30 17:59:41.645,1507,1565,1510,1597,1592,1567,1580,1523,1557,1547
2024-04-30 17:59:41.686,1513,1562,1517,1605,1592,1565,1587,1529,1560,1541
2024-04-30 17:59:41.727,1511,1571,1516,1609,1595,1575,1599,1528,1561,1545
2024-04-30 17:59:41.768,1519,1571,1529,1613,1607,1589,1596,1543,1573,1548
2024-04-30 17:59:41.809,1519,1571,1513,1613,1592,1573,1595,1526,1559,1543
2024-04-30 17:59:41.850,1514,1563,1519,1607,1605,1577,1588,1529,1565,1543
2024-04-30 17:59:41.891,1507,1571,1512,1611,1592,1574,1594,1527,1560,1542
2024-04-30 17:59:41.932,1517,1579,1523,1610,1606,1581,1594,1533,1573,1545
2024-04-30 17:59:41.973,1529,1580,1525,1625,1609,1583,1611,1544,1573,1548
2024-04-30 17:59:42.014,1517,1577,1525,1615,1597,1574,1597,1541,1562,1544
2024-04-30 17:59:42.054,1519,1580,1526,1612,1607,1587,1597,1543,1575,1551
2024-04-30 17:59:42.095,1527,1575,1529,1614,1605,1587,1599,1545,1573,1548
2024-04-30 17:59:42.135,1518,1576,1528,1613,1607,1585,1595,1545,1574,1546
2024-04-30 17:59:42.175,1520,1579,1525,1609,1608,1583,1596,1545,1573,1547
2024-04-30 17:59:42.213,1515,1572,1523,1613,1594,1558,1547,1510,1529,1511
2024-04-30 17:59:42.253,1513,1579,1524,1609,1598,1563,1564,1518,1547,1524
2024-04-30 17:59:42.293,1513,1565,1509,1609,1587,1563,1581,1515,1549,1541
2024-04-30 17:59:42.333,1515,1571,1519,1605,1593,1574,1591,1531,1564,1551
2024-04-30 17:59:42.373,1527,1573,1519,1617,1595,1575,1610,1543,1570,1555
2024-04-30 17:59:42.413,1516,1577,1520,1607,1603,1577,1599,1544,1571,1548
2024-04-30 17:59:42.453,1508,1568,1515,1604,1593,1575,1595,1543,1559,1546
2024-04-30 17:59:42.493,1517,1574,1519,1607,1598,1580,1597,1547,1575,1555
2024-04-30 17:59:42.533,1528,1573,1523,1619,1595,1579,1609,1541,1568,1554
2024-04-30 17:59:42.573,1527,1576,1530,1614,1607,1575,1608,1553,1574,1553
2024-04-30 17:59:42.613,1529,1576,1524,1623,1606,1583,1615,1547,1578,1559
2024-04-30 17:59:42.653,1529,1589,1541,1621,1614,1596,1613,1560,1587,1562
2024-04-30 17:59:42.693,1517,1581,1526,1613,1605,1587,1606,1549,1579,1559
2024-04-30 17:59:42.733,1527,1575,1529,1614,1595,1577,1608,1541,1571,1553
2024-04-30 17:59:42.773,1516,1564,1523,1610,1589,1567,1597,1527,1563,1548
2024-04-30 17:59:42.813,1515,1567,1523,1607,1598,1575,1595,1543,1567,1549
2024-04-30 17:59:42.853,1509,1573,1517,1603,1595,1575,1595,1540,1567,1545
2024-04-30 17:59:42.893,1524,1573,1517,1615,1597,1579,1599,1533,1565,1555
2024-04-30 17:59:42.933,1511,1573,1515,1606,1595,1576,1597,1530,1563,1553
2024-04-30 17:59:42.973,1511,1565,1512,1598,1591,1568,1583,1525,1559,1547
2024-04-30 17:59:43.013,1515,1565,1511,1609,1588,1570,1595,1527,1559,1547
2024-04-30 17:59:43.053,1525,1571,1517,1619,1595,1577,1607,1541,1567,1554
2024-04-30 17:59:43.093,1531,1579,1532,1623,1603,1583,1610,1547,1573,1556
2024-04-30 17:59:43.133,1525,1588,1541,1621,1615,1586,1610,1556,1581,1555
2024-04-30 17:59:43.173,1527,1579,1527,1615,1606,1586,1611,1548,1578,1560
2024-04-30 17:59:43.213,1528,1577,1524,1621,1599,1587,1610,1544,1572,1555
2024-04-30 17:59:43.253,1529,1578,1527,1621,1605,1586,1614,1545,1575,1557
2024-04-30 17:59:43.293,1524,1573,1516,1617,1597,1581,1607,1540,1567,1554
2024-04-30 17:59:43.333,1515,1573,1516,1610,1592,1576,1599,1530,1564,1553
2024-04-30 17:59:43.373,1519,1563,1518,1611,1588,1567,1593,1527,1557,1544
2024-04-30 17:59:43.413,1515,1579,1524,1611,1605,1583,1596,1544,1574,1556
2024-04-30 17:59:43.453,1526,1583,1531,1618,1603,1578,1605,1553,1567,1551
2024-04-30 17:59:43.493,1525,1583,1531,1615,1609,1591,1604,1547,1577,1559
2024-04-30 17:59:43.533,1529,1579,1530,1619,1609,1590,1608,1549,1577,1557
2024-04-30 17:59:43.573,1526,1581,1531,1614,1609,1590,1605,1553,1579,1559
2024-04-30 17:59:43.613,1543,1582,1532,1621,1611,1592,1612,1549,1579,1560
2024-04-30 17:59:43.653,1525,1583,1529,1618,1608,1591,1604,1549,1579,1549
2024-04-30 17:59:43.693,1539,1580,1529,1620,1606,1591,1615,1548,1576,1558
2024-04-30 17:59:43.733,1527,1583,1543,1620,1609,1592,1607,1553,1576,1555
2024-04-30 17:59:43.773,1523,1579,1529,1613,1608,1590,1597,1549,1577,1556
2024-04-30 17:59:43.813,1525,1576,1518,1615,1597,1580,1599,1543,1565,1553
2024-04-30 17:59:43.854,0,1403,1337,1437,1414,1378,1392,1343,1369,1391
2024-04-30 17:59:43.894,0,1163,1068,1183,1140,1077,1097,1069,1081,1166
2024-04-30 17:59:43.934,0,1067,959,1096,1045,953,989,967,964,1083
2024-04-30 17:59:43.974,0,1077,975,1109,1052,970,996,987,982,1099
2024-04-30 17:59:44.014,0,1140,1041,1177,1126,1045,1075,1054,1059,1147
2024-04-30 17:59:44.054,0,1211,1116,1259,1210,1130,1166,1139,1145,1213
2024-04-30 17:59:44.094,0,1294,1208,1337,1301,1213,1257,1229,1234,1289
2024-04-30 17:59:44.134,40,1367,1288,1417,1378,1309,1341,1305,1326,1353
2024-04-30 17:59:44.175,715,1439,1369,1480,1447,1383,1419,1382,1403,1416
2024-04-30 17:59:44.216,1527,1485,1420,1543,1507,1445,1487,1437,1464,1456
2024-04-30 17:59:44.257,2311,1529,1469,1583,1553,1502,1532,1484,1516,1500
2024-04-30 17:59:44.298,2999,1572,1511,1613,1588,1543,1579,1525,1556,1527
2024-04-30 17:59:44.338,3111,1605,1551,1643,1626,1581,1615,1566,1589,1559
2024-04-30 17:59:44.379,2430,1618,1573,1671,1647,1615,1645,1581,1623,1581
2024-04-30 17:59:44.419,1631,1639,1593,1687,1657,1623,1615,1575,1605,1571
2024-04-30 17:59:44.458,1289,1651,1612,1702,1681,1647,1651,1606,1631,1597
2024-04-30 17:59:44.498,1805,1673,1631,1716,1704,1677,1695,1631,1674,1614
2024-04-30 17:59:44.539,3101,1677,1640,1711,1708,1684,1709,1647,1679,1629
2024-04-30 17:59:44.579,4095,1677,1637,1718,1708,1699,1716,1647,1691,1636
2024-04-30 17:59:44.618,4095,1694,1654,1725,1719,1705,1734,1663,1701,1645
2024-04-30 17:59:44.658,4095,1691,1652,1736,1724,1717,1739,1662,1707,1651
2024-04-30 17:59:44.698,4095,1702,1668,1743,1741,1724,1756,1684,1719,1656
2024-04-30 17:59:44.738,4095,1703,1669,1736,1733,1723,1753,1687,1711,1659
2024-04-30 17:59:44.778,4095,1694,1659,1735,1726,1725,1747,1673,1715,1655
2024-04-30 17:59:44.818,4095,1689,1652,1725,1722,1720,1741,1671,1705,1655
2024-04-30 17:59:44.858,3609,1687,1648,1725,1723,1720,1739,1661,1704,1653
2024-04-30 17:59:44.900,1999,1683,1643,1721,1717,1715,1735,1659,1698,1643
2024-04-30 17:59:44.940,2815,1685,1645,1715,1707,1710,1725,1659,1688,1643
2024-04-30 17:59:44.981,3883,1677,1636,1709,1703,1703,1717,1647,1685,1640
2024-04-30 17:59:45.020,3419,1677,1641,1715,1710,1707,1724,1651,1689,1637
2024-04-30 17:59:45.062,1408,1678,1638,1712,1706,1708,1725,1651,1689,1637
2024-04-30 17:59:45.101,103,1673,1639,1705,1700,1701,1711,1642,1681,1636
2024-04-30 17:59:45.140,0,1661,1625,1699,1695,1693,1704,1637,1673,1624
2024-04-30 17:59:45.180,71,1658,1621,1692,1687,1687,1703,1629,1661,1627
2024-04-30 17:59:45.220,300,1657,1621,1694,1688,1679,1706,1636,1655,1623
2024-04-30 17:59:45.260,0,1642,1605,1683,1678,1675,1692,1621,1653,1621
2024-04-30 17:59:45.300,0,1643,1597,1677,1673,1661,1688,1614,1645,1613
2024-04-30 17:59:45.340,0,1635,1594,1675,1673,1659,1685,1614,1643,1607
2024-04-30 17:59:45.381,787,1641,1600,1671,1673,1657,1683,1617,1635,1609
2024-04-30 17:59:45.424,4095,1646,1595,1673,1675,1663,1685,1612,1645,1609
2024-04-30 17:59:45.461,4095,1641,1596,1672,1671,1651,1678,1609,1640,1595
2024-04-30 17:59:45.501,4095,1641,1595,1675,1663,1660,1677,1609,1640,1608
2024-04-30 17:59:45.541,4095,1639,1593,1674,1668,1660,1676,1608,1639,1607
2024-04-30 17:59:45.581,4095,1636,1592,1659,1655,1644,1676,1609,1625,1604
2024-04-30 17:59:45.621,3960,1624,1577,1655,1647,1640,1655,1592,1611,1589
2024-04-30 17:59:45.661,3859,1615,1575,1643,1643,1633,1653,1588,1614,1588
2024-04-30 17:59:45.705,0,1606,1559,1641,1635,1624,1640,1576,1605,1583
2024-04-30 17:59:45.741,0,1605,1563,1637,1628,1620,1635,1567,1599,1576
2024-04-30 17:59:45.781,0,1609,1565,1636,1637,1619,1636,1577,1596,1580
2024-04-30 17:59:45.822,1013,1607,1561,1641,1635,1615,1639,1577,1606,1578
2024-04-30 17:59:45.864,4095,1609,1560,1639,1628,1619,1636,1567,1599,1571
2024-04-30 17:59:45.901,4095,1603,1555,1635,1625,1606,1627,1565,1593,1563
2024-04-30 17:59:45.941,4095,1605,1555,1635,1626,1613,1628,1563,1594,1571
2024-04-30 17:59:45.981,4095,1606,1555,1635,1626,1615,1628,1564,1593,1579
2024-04-30 17:59:46.021,4095,1597,1554,1629,1623,1609,1624,1565,1590,1574
2024-04-30 17:59:46.061,4095,1599,1549,1634,1621,1607,1623,1561,1589,1575
2024-04-30 17:59:46.101,4095,1598,1550,1628,1618,1605,1623,1566,1588,1574
2024-04-30 17:59:46.141,4095,1595,1544,1628,1619,1606,1621,1557,1583,1567
2024-04-30 17:59:46.181,3519,1591,1541,1624,1614,1597,1618,1553,1579,1567
2024-04-30 17:59:46.223,2331,1591,1541,1621,1611,1595,1613,1555,1581,1567
2024-04-30 17:59:46.263,1351,1594,1546,1629,1621,1605,1623,1560,1587,1563
2024-04-30 17:59:46.302,887,1596,1545,1629,1621,1605,1621,1557,1587,1570
2024-04-30 17:59:46.342,773,1591,1544,1628,1617,1605,1621,1558,1589,1571
2024-04-30 17:59:46.384,3035,1608,1555,1631,1627,1604,1631,1571,1593,1567
2024-04-30 17:59:46.423,4095,1591,1543,1624,1613,1595,1613,1551,1582,1561
2024-04-30 17:59:46.462,4095,1593,1532,1622,1615,1595,1611,1549,1581,1557
2024-04-30 17:59:46.505,988,1583,1531,1614,1611,1592,1611,1549,1578,1557
2024-04-30 17:59:46.543,0,1587,1530,1615,1612,1585,1607,1545,1577,1545
2024-04-30 17:59:46.582,0,1587,1532,1613,1610,1585,1609,1547,1571,1549
2024-04-30 17:59:46.622,0,1582,1519,1613,1593,1565,1555,1503,1532,1526
2024-04-30 17:59:46.662,0,1581,1527,1609,1599,1566,1574,1521,1543,1541
2024-04-30 17:59:46.704,0,1576,1517,1608,1596,1578,1584,1533,1556,1549
2024-04-30 17:59:46.745,0,1566,1517,1605,1597,1573,1595,1530,1565,1544
2024-04-30 17:59:46.786,0,1573,1515,1599,1595,1567,1596,1531,1562,1543
2024-04-30 17:59:46.827,0,1566,1519,1597,1595,1571,1599,1543,1557,1543
2024-04-30 17:59:46.868,0,1576,1523,1609,1599,1579,1604,1541,1571,1546
2024-04-30 17:59:46.909,0,1583,1525,1613,1607,1584,1608,1547,1576,1557
2024-04-30 17:59:46.950,0,1577,1523,1611,1603,1582,1604,1550,1573,1554
2024-04-30 17:59:46.991,0,1579,1519,1609,1603,1577,1599,1547,1572,1549
2024-04-30 17:59:47.032,0,1579,1523,1609,1599,1578,1604,1545,1571,1546
2024-04-30 17:59:47.073,0,1576,1519,1609,1597,1576,1594,1545,1563,1549
2024-04-30 17:59:47.114,0,1574,1517,1608,1597,1577,1597,1531,1565,1547
2024-04-30 17:59:47.155,0,1571,1513,1599,1591,1565,1588,1531,1557,1543
2024-04-30 17:59:47.196,0,1576,1519,1611,1598,1577,1597,1532,1565,1547
2024-04-30 17:59:47.237,0,1582,1525,1619,1605,1583,1608,1543,1575,1553
2024-04-30 17:59:47.275,0,1583,1527,1614,1605,1589,1608,1544,1576,1549
2024-04-30 17:59:47.315,0,1579,1527,1614,1605,1578,1597,1547,1566,1550
2024-04-30 17:59:47.355,0,1578,1528,1620,1608,1583,1611,1548,1578,1554
2024-04-30 17:59:47.395,0,1577,1527,1615,1605,1583,1609,1545,1575,1559
2024-04-30 17:59:47.435,0,1579,1527,1609,1608,1578,1608,1548,1573,1554
2024-04-30 17:59:47.475,0,1581,1531,1609,1605,1581,1604,1551,1572,1556
2024-04-30 17:59:47.515,0,1583,1543,1615,1608,1587,1607,1555,1575,1559
2024-04-30 17:59:47.555,0,1589,1528,1621,1611,1593,1614,1549,1580,1560
2024-04-30 17:59:47.595,0,1581,1529,1620,1609,1591,1613,1549,1579,1554
2024-04-30 17:59:47.635,0,1572,1524,1615,1606,1587,1607,1542,1573,1555
2024-04-30 17:59:47.675,0,1580,1526,1609,1594,1577,1596,1531,1565,1553
2024-04-30 17:59:47.715,0,1567,1517,1605,1594,1575,1597,1532,1563,1545
2024-04-30 17:59:47.755,0,1579,1527,1613,1605,1576,1605,1548,1564,1555
2024-04-30 17:59:47.795,0,1581,1531,1611,1598,1583,1604,1545,1574,1556
2024-04-30 17:59:47.835,0,1577,1527,1619,1607,1589,1609,1547,1578,1551
2024-04-30 17:59:47.875,5,1589,1529,1615,1606,1586,1607,1558,1574,1556
2024-04-30 17:59:47.915,91,1588,1529,1623,1613,1596,1615,1555,1583,1555
2024-04-30 17:59:47.955,199,1592,1549,1631,1623,1597,1624,1564,1591,1561
2024-04-30 17:59:47.995,310,1588,1534,1625,1619,1596,1619,1557,1583,1565
2024-04-30 17:59:48.035,413,1579,1529,1619,1608,1589,1609,1547,1577,1555
2024-04-30 17:59:48.075,501,1583,1530,1621,1611,1587,1613,1549,1567,1550
2024-04-30 17:59:48.115,587,1583,1527,1618,1607,1587,1607,1546,1577,1557
2024-04-30 17:59:48.155,663,1575,1525,1613,1603,1583,1607,1543,1573,1553
2024-04-30 17:59:48.195,730,1575,1525,1608,1606,1575,1605,1545,1567,1551
2024-04-30 17:59:48.235,790,1578,1523,1615,1605,1584,1604,1544,1573,1549
2024-04-30 17:59:48.275,843,1587,1543,1621,1617,1588,1618,1557,1578,1559
2024-04-30 17:59:48.315,894,1583,1543,1623,1610,1597,1613,1549,1581,1560
2024-04-30 17:59:48.355,935,1587,1528,1620,1608,1590,1609,1553,1577,1560
2024-04-30 17:59:48.395,973,1589,1534,1627,1615,1597,1614,1555,1583,1557
2024-04-30 17:59:48.435,1008,1588,1542,1629,1622,1595,1623,1559,1588,1558
2024-04-30 17:59:48.475,1044,1589,1534,1626,1614,1587,1619,1556,1581,1559
2024-04-30 17:59:48.515,1069,1582,1533,1618,1603,1587,1611,1555,1571,1555
2024-04-30 17:59:48.555,1101,1577,1523,1614,1605,1583,1606,1555,1571,1555
2024-04-30 17:59:48.595,1123,1567,1517,1611,1597,1580,1595,1531,1562,1553
2024-04-30 17:59:48.635,1141,1566,1510,1599,1590,1567,1589,1529,1555,1548
2024-04-30 17:59:48.675,1162,1571,1515,1609,1597,1574,1597,1530,1558,1543
2024-04-30 17:59:48.715,1179,1576,1523,1612,1604,1583,1604,1533,1567,1555
2024-04-30 17:59:48.755,1199,1577,1525,1620,1607,1589,1609,1544,1574,1557
2024-04-30 17:59:48.796,1895,1578,1524,1617,1606,1585,1605,1543,1573,1548
2024-04-30 17:59:48.838,4095,1579,1525,1615,1607,1580,1605,1543,1574,1548
2024-04-30 17:59:48.876,4095,1580,1527,1622,1593,1563,1529,1487,1511,1501
2024-04-30 17:59:48.916,4095,1589,1529,1615,1598,1563,1555,1511,1524,1517
2024-04-30 17:59:48.956,4095,1579,1522,1619,1599,1578,1581,1523,1553,1544
2024-04-30 17:59:48.996,4095,1577,1518,1612,1596,1579,1595,1532,1564,1543
2024-04-30 17:59:49.036,4095,1578,1523,1614,1603,1581,1607,1544,1574,1555
2024-04-30 17:59:49.076,4095,1579,1529,1618,1609,1591,1619,1555,1583,1561
2024-04-30 17:59:49.116,4095,1583,1530,1609,1607,1581,1609,1556,1575,1555
2024-04-30 17:59:49.156,4095,1579,1527,1613,1604,1587,1613,1546,1579,1558
2024-04-30 17:59:49.196,4095,1583,1533,1613,1608,1582,1618,1557,1576,1560
2024-04-30 17:59:49.236,4095,1583,1528,1619,1608,1592,1613,1553,1581,1563
2024-04-30 17:59:49.276,4095,1581,1544,1618,1611,1591,1620,1562,1581,1563
2024-04-30 17:59:49.316,4095,1577,1527,1614,1604,1587,1609,1546,1578,1560
2024-04-30 17:59:49.356,4095,1574,1525,1614,1607,1587,1609,1544,1579,1558
2024-04-30 17:59:49.396,3977,1582,1529,1619,1610,1589,1614,1549,1581,1558
2024-04-30 17:59:49.436,4095,1582,1525,1615,1605,1586,1608,1544,1576,1555
2024-04-30 17:59:49.476,4095,1573,1517,1609,1596,1580,1603,1533,1571,1548
2024-04-30 17:59:49.516,4095,1578,1518,1599,1593,1573,1599,1542,1565,1548
2024-04-30 17:59:49.556,4095,1571,1513,1608,1597,1576,1597,1529,1565,1553
2024-04-30 17:59:49.596,4095,1576,1525,1605,1606,1576,1606,1543,1572,1546
2024-04-30 17:59:49.636,4095,1579,1528,1613,1607,1577,1611,1547,1575,1556
2024-04-30 17:59:49.676,4095,1579,1527,1618,1607,1589,1609,1549,1578,1559
2024-04-30 17:59:49.716,4095,1592,1545,1619,1611,1592,1611,1559,1579,1561
2024-04-30 17:59:49.756,4095,1587,1533,1623,1612,1595,1614,1555,1587,1560
2024-04-30 17:59:49.796,4095,1583,1531,1619,1611,1594,1613,1547,1580,1555
2024-04-30 17:59:49.838,1811,1575,1527,1617,1605,1588,1608,1544,1576,1558
2024-04-30 17:59:49.878,0,1581,1532,1617,1611,1583,1612,1553,1577,1548
2024-04-30 17:59:49.917,0,1581,1528,1614,1609,1586,1613,1555,1573,1549
2024-04-30 17:59:49.957,0,1579,1529,1620,1608,1591,1611,1547,1580,1558
2024-04-30 17:59:49.997,0,1577,1532,1621,1609,1593,1612,1548,1579,1560
2024-04-30 17:59:50.037,0,1584,1544,1619,1609,1593,1608,1559,1579,1559
2024-04-30 17:59:50.077,0,1581,1533,1623,1612,1583,1615,1555,1579,1556
2024-04-30 17:59:50.117,0,1574,1529,1618,1607,1590,1611,1547,1581,1551
2024-04-30 17:59:50.157,0,1582,1541,1621,1609,1587,1614,1555,1583,1557
2024-04-30 17:59:50.197,0,1590,1545,1619,1607,1590,1609,1560,1578,1561
2024-04-30 17:59:50.237,0,1577,1529,1620,1609,1591,1611,1549,1581,1559
2024-04-30 17:59:50.277,0,1583,1541,1617,1613,1579,1614,1551,1583,1555
2024-04-30 17:59:50.317,0,1579,1531,1619,1611,1590,1611,1551,1579,1559
2024-04-30 17:59:50.357,0,1581,1529,1619,1609,1588,1610,1549,1577,1556
2024-04-30 17:59:50.397,0,1582,1533,1624,1612,1595,1614,1553,1581,1555
2024-04-30 17:59:50.437,0,1583,1546,1621,1609,1592,1609,1559,1580,1561
2024-04-30 17:59:50.477,0,1583,1543,1627,1614,1593,1619,1556,1585,1559
2024-04-30 17:59:50.517,0,1587,1544,1622,1613,1588,1621,1556,1588,1556
2024-04-30 17:59:50.557,0,1586,1544,1624,1613,1595,1619,1553,1583,1563
2024-04-30 17:59:50.597,0,1577,1532,1621,1609,1589,1612,1549,1579,1557
2024-04-30 17:59:50.637,0,1574,1519,1607,1595,1580,1595,1543,1565,1553
2024-04-30 17:59:50.677,0,1561,1515,1604,1592,1571,1590,1541,1557,1548
2024-04-30 17:59:50.717,16,1562,1515,1606,1589,1574,1591,1527,1560,1547
2024-04-30 17:59:50.757,295,1567,1525,1607,1604,1575,1595,1544,1561,1549
2024-04-30 17:59:50.798,1151,1573,1519,1607,1593,1575,1595,1531,1563,1548
2024-04-30 17:59:50.839,2845,1575,1518,1611,1597,1571,1597,1541,1567,1527
2024-04-30 17:59:50.879,4095,1581,1528,1608,1597,1576,1604,1545,1563,1547
2024-04-30 17:59:50.918,4095,1580,1542,1615,1606,1589,1606,1544,1574,1553
2024-04-30 17:59:50.958,4095,1589,1543,1613,1613,1583,1611,1555,1577,1553
2024-04-30 17:59:50.998,4095,1589,1533,1626,1613,1595,1613,1553,1580,1559
2024-04-30 17:59:51.038,4095,1583,1541,1619,1608,1589,1612,1558,1573,1557
2024-04-30 17:59:51.078,4095,1583,1528,1619,1607,1591,1610,1546,1576,1555
2024-04-30 17:59:51.118,4095,1582,1525,1620,1597,1573,1563,1509,1540,1526
2024-04-30 17:59:51.158,4073,1587,1531,1613,1594,1572,1581,1523,1547,1533
2024-04-30 17:59:51.199,3311,1575,1523,1615,1606,1575,1593,1529,1561,1543
2024-04-30 17:59:51.240,2053,1572,1519,1613,1597,1579,1597,1530,1564,1551
2024-04-30 17:59:51.280,1277,1579,1524,1619,1611,1591,1613,1549,1580,1559
2024-04-30 17:59:51.320,1052,1579,1529,1623,1613,1592,1614,1553,1585,1560
2024-04-30 17:59:51.360,867,1580,1532,1620,1609,1588,1610,1559,1577,1558
2024-04-30 17:59:51.400,804,1578,1528,1609,1609,1580,1618,1553,1577,1555
2024-04-30 17:59:51.441,1404,1578,1527,1618,1608,1587,1609,1545,1578,1549
2024-04-30 17:59:51.482,2503,1577,1523,1614,1605,1587,1609,1545,1576,1554
2024-04-30 17:59:51.521,2948,1581,1527,1615,1608,1588,1609,1545,1575,1551
2024-04-30 17:59:51.562,3543,1575,1527,1608,1608,1575,1607,1547,1566,1548
2024-04-30 17:59:51.602,4095,1567,1517,1609,1598,1567,1597,1541,1561,1542
2024-04-30 17:59:51.643,4095,1574,1517,1611,1603,1575,1598,1532,1567,1546
2024-04-30 17:59:51.683,4095,1575,1517,1613,1600,1575,1604,1539,1567,1547
2024-04-30 17:59:51.723,4095,1576,1520,1615,1604,1580,1603,1541,1573,1555
2024-04-30 17:59:51.765,4095,1583,1531,1623,1613,1593,1613,1549,1581,1561
2024-04-30 17:59:51.806,4095,1593,1546,1635,1623,1598,1621,1556,1588,1563
2024-04-30 17:59:51.847,4004,1589,1533,1620,1613,1595,1615,1555,1583,1553
2024-04-30 17:59:51.890,1933,1586,1530,1621,1610,1588,1609,1546,1578,1555
2024-04-30 17:59:51.931,0,1586,1533,1621,1614,1594,1611,1548,1579,1546
2024-04-30 17:59:51.970,0,1581,1528,1619,1610,1588,1607,1553,1576,1547
2024-04-30 17:59:52.011,0,1580,1533,1614,1606,1586,1613,1550,1578,1545
2024-04-30 17:59:52.052,0,1579,1533,1615,1605,1590,1617,1553,1579,1551
2024-04-30 17:59:52.093,0,1576,1541,1613,1609,1583,1610,1554,1577,1549
2024-04-30 17:59:52.134,119,1583,1533,1620,1613,1593,1612,1548,1577,1557
2024-04-30 17:59:52.174,741,1580,1545,1615,1612,1587,1615,1553,1582,1549
2024-04-30 17:59:52.215,1574,1586,1530,1621,1613,1591,1609,1548,1579,1554
2024-04-30 17:59:52.255,2019,1577,1527,1618,1605,1581,1599,1551,1572,1548
2024-04-30 17:59:52.295,2660,1578,1524,1609,1597,1576,1597,1547,1562,1541
2024-04-30 17:59:52.333,3099,1571,1522,1610,1597,1575,1598,1541,1571,1533
2024-04-30 17:59:52.374,4095,1577,1524,1608,1599,1572,1604,1542,1573,1544
2024-04-30 17:59:52.413,4095,1582,1525,1614,1607,1579,1605,1543,1573,1553
2024-04-30 17:59:52.453,4095,1573,1518,1610,1597,1579,1599,1541,1565,1548
2024-04-30 17:59:52.493,4095,1576,1526,1614,1605,1579,1606,1547,1568,1547
2024-04-30 17:59:52.533,4095,1574,1525,1612,1599,1579,1605,1541,1570,1553
2024-04-30 17:59:52.573,4095,1574,1523,1605,1591,1572,1594,1533,1563,1548
2024-04-30 17:59:52.613,4095,1573,1523,1614,1605,1583,1599,1543,1567,1549
2024-04-30 17:59:52.653,4095,1576,1519,1611,1598,1582,1600,1543,1567,1555
2024-04-30 17:59:52.693,4095,1577,1525,1618,1607,1583,1607,1545,1574,1557
2024-04-30 17:59:52.733,4095,1588,1532,1623,1611,1592,1613,1554,1579,1561
2024-04-30 17:59:52.773,4095,1595,1548,1625,1615,1598,1619,1559,1589,1565
2024-04-30 17:59:52.813,4095,1593,1543,1624,1612,1593,1614,1555,1580,1563
2024-04-30 17:59:52.853,4095,1589,1547,1630,1620,1593,1622,1560,1588,1561
2024-04-30 17:59:52.893,4095,1592,1547,1626,1620,1589,1623,1560,1587,1564
2024-04-30 17:59:52.933,4095,1587,1544,1620,1615,1586,1619,1555,1583,1559
2024-04-30 17:59:52.973,4095,1578,1527,1619,1607,1588,1606,1555,1575,1560
2024-04-30 17:59:53.013,4095,1579,1529,1620,1608,1589,1607,1545,1575,1555
2024-04-30 17:59:53.053,4095,1577,1523,1613,1599,1587,1604,1541,1573,1557
2024-04-30 17:59:53.094,3379,1577,1529,1608,1599,1575,1604,1544,1567,1555
2024-04-30 17:59:53.134,3053,1583,1530,1623,1610,1581,1609,1548,1578,1550
2024-04-30 17:59:53.175,4095,1588,1524,1614,1605,1582,1607,1543,1575,1556
2024-04-30 17:59:53.214,4095,1581,1528,1615,1607,1583,1607,1543,1574,1545
2024-04-30 17:59:53.254,4095,1582,1529,1623,1609,1592,1611,1547,1577,1558
2024-04-30 17:59:53.294,4095,1579,1533,1615,1607,1589,1605,1551,1573,1557
2024-04-30 17:59:53.334,4095,1579,1529,1615,1597,1572,1561,1512,1541,1518
2024-04-30 17:59:53.374,4015,1579,1527,1607,1596,1567,1565,1519,1542,1531
2024-04-30 17:59:53.414,4095,1572,1519,1599,1587,1565,1587,1528,1545,1542
2024-04-30 17:59:53.454,4095,1571,1513,1607,1591,1574,1590,1529,1559,1547
2024-04-30 17:59:53.494,4095,1575,1519,1612,1605,1573,1594,1542,1571,1545
2024-04-30 17:59:53.534,4095,1575,1523,1607,1606,1577,1607,1544,1574,1549
2024-04-30 17:59:53.574,4095,1580,1528,1619,1612,1591,1618,1553,1581,1553
2024-04-30 17:59:53.614,4095,1587,1533,1614,1609,1588,1612,1559,1580,1560
2024-04-30 17:59:53.654,4095,1589,1543,1623,1614,1587,1625,1559,1588,1561
2024-04-30 17:59:53.694,4095,1581,1530,1621,1612,1594,1612,1549,1581,1561
2024-04-30 17:59:53.734,4095,1581,1529,1609,1603,1579,1609,1549,1571,1555
2024-04-30 17:59:53.774,4095,1577,1528,1617,1607,1588,1609,1546,1577,1559
2024-04-30 17:59:53.814,3732,1579,1524,1610,1597,1578,1612,1548,1573,1554
2024-04-30 17:59:53.855,2677,1576,1533,1611,1597,1581,1599,1553,1573,1555
2024-04-30 17:59:53.895,1903,1574,1525,1614,1604,1585,1607,1545,1576,1555
2024-04-30 17:59:53.936,552,1572,1518,1607,1595,1575,1595,1539,1564,1549
2024-04-30 17:59:53.975,0,1565,1512,1605,1592,1574,1593,1528,1563,1547
2024-04-30 17:59:54.016,0,1567,1525,1609,1597,1576,1607,1546,1567,1555
2024-04-30 17:59:54.056,0,1581,1531,1611,1609,1587,1609,1549,1579,1556
2024-04-30 17:59:54.096,0,1576,1526,1618,1607,1584,1609,1546,1578,1557
2024-04-30 17:59:54.136,29,1573,1526,1613,1599,1583,1607,1554,1575,1557
2024-04-30 17:59:54.176,312,1578,1528,1615,1605,1587,1608,1559,1575,1561
2024-04-30 17:59:54.216,605,1587,1544,1621,1607,1588,1621,1559,1588,1558
2024-04-30 17:59:54.256,839,1583,1542,1615,1607,1588,1609,1556,1579,1557
2024-04-30 17:59:54.296,789,1576,1541,1617,1607,1589,1609,1554,1577,1558
2024-04-30 17:59:54.336,410,1577,1533,1613,1609,1586,1615,1555,1572,1560
2024-04-30 17:59:54.376,330,1586,1542,1619,1607,1587,1609,1557,1576,1559
2024-04-30 17:59:54.416,458,1581,1545,1621,1619,1587,1615,1555,1581,1559
2024-04-30 17:59:54.456,483,1583,1534,1621,1614,1595,1614,1555,1581,1556
2024-04-30 17:59:54.497,1069,1580,1530,1619,1609,1589,1609,1547,1579,1559
2024-04-30 17:59:54.538,1706,1583,1533,1624,1613,1597,1615,1555,1581,1560
2024-04-30 17:59:54.578,1829,1593,1547,1629,1622,1606,1622,1560,1591,1563
2024-04-30 17:59:54.619,2588,1590,1545,1631,1621,1599,1620,1557,1588,1565
2024-04-30 17:59:54.659,3103,1587,1541,1620,1611,1594,1613,1555,1583,1554
2024-04-30 17:59:54.700,2975,1581,1530,1611,1609,1589,1607,1545,1579,1547
2024-04-30 17:59:54.740,2643,1575,1534,1613,1610,1583,1607,1549,1575,1549
2024-04-30 17:59:54.780,2358,1571,1525,1611,1598,1580,1599,1543,1571,1549
2024-04-30 17:59:54.820,1966,1575,1525,1613,1599,1579,1604,1541,1571,1545
2024-04-30 17:59:54.861,725,1567,1519,1608,1595,1575,1597,1531,1565,1543
2024-04-30 17:59:54.900,244,1563,1515,1603,1591,1568,1591,1531,1559,1545
2024-04-30 17:59:54.941,987,1571,1517,1607,1595,1576,1593,1541,1563,1545
2024-04-30 17:59:54.981,1425,1575,1528,1611,1599,1579,1608,1547,1567,1547
2024-04-30 17:59:55.022,2131,1583,1529,1613,1612,1588,1610,1549,1577,1551
2024-04-30 17:59:55.063,3431,1587,1533,1623,1613,1587,1612,1553,1580,1549
2024-04-30 17:59:55.103,4095,1577,1525,1618,1605,1589,1605,1544,1575,1549
2024-04-30 17:59:55.143,3646,1579,1527,1621,1608,1589,1608,1551,1577,1555
2024-04-30 17:59:55.183,3198,1593,1548,1625,1619,1595,1619,1560,1582,1558
2024-04-30 17:59:55.223,3149,1591,1543,1628,1620,1599,1620,1558,1591,1557
2024-04-30 17:59:55.263,2987,1586,1541,1618,1611,1587,1613,1557,1580,1557
2024-04-30 17:59:55.304,2340,1577,1525,1613,1607,1583,1605,1555,1573,1555
2024-04-30 17:59:55.345,1727,1577,1526,1621,1607,1583,1607,1545,1574,1557
2024-04-30 17:59:55.385,1819,1577,1529,1614,1605,1587,1611,1553,1574,1555
2024-04-30 17:59:55.425,2125,1587,1535,1625,1617,1595,1619,1554,1583,1563
2024-04-30 17:59:55.465,2485,1587,1546,1623,1613,1591,1612,1563,1579,1560
2024-04-30 17:59:55.505,2711,1587,1543,1623,1609,1567,1575,1523,1549,1527
2024-04-30 17:59:55.545,3190,1583,1534,1619,1599,1576,1581,1531,1553,1541
2024-04-30 17:59:55.586,3765,1587,1533,1623,1609,1590,1605,1545,1574,1547
2024-04-30 17:59:55.626,3495,1582,1543,1621,1610,1590,1610,1559,1581,1557
2024-04-30 17:59:55.666,2933,1590,1542,1627,1619,1604,1621,1556,1588,1559
2024-04-30 17:59:55.707,2365,1587,1533,1625,1619,1603,1623,1561,1591,1560
2024-04-30 17:59:55.749,1582,1581,1547,1620,1619,1593,1625,1564,1582,1559
2024-04-30 17:59:55.790,746,1586,1543,1618,1614,1594,1620,1556,1587,1554
2024-04-30 17:59:55.831,0,1575,1544,1615,1615,1587,1610,1556,1575,1555
2024-04-30 17:59:55.871,0,1578,1532,1612,1604,1587,1613,1554,1573,1553
2024-04-30 17:59:55.911,0,1567,1520,1612,1603,1580,1607,1543,1572,1553
2024-04-30 17:59:55.951,0,1569,1519,1604,1593,1571,1598,1540,1561,1545
2024-04-30 17:59:55.991,0,1568,1528,1607,1595,1576,1597,1543,1565,1549
2024-04-30 17:59:56.030,0,1567,1523,1611,1599,1580,1603,1541,1572,1554
2024-04-30 17:59:56.070,0,1567,1519,1609,1597,1580,1603,1543,1573,1551
2024-04-30 17:59:56.110,0,1567,1518,1609,1597,1578,1595,1540,1567,1546
2024-04-30 17:59:56.150,1,1565,1517,1609,1597,1577,1597,1546,1567,1551
2024-04-30 17:59:56.190,423,1575,1529,1618,1608,1588,1608,1547,1578,1557
2024-04-30 17:59:56.231,1607,1575,1529,1611,1607,1579,1607,1553,1572,1555
2024-04-30 17:59:56.271,2713,1573,1523,1609,1599,1576,1603,1547,1567,1547
2024-04-30 17:59:56.311,3487,1575,1519,1612,1596,1579,1595,1543,1571,1547
2024-04-30 17:59:56.351,3115,1572,1519,1609,1595,1576,1595,1546,1567,1551
2024-04-30 17:59:56.392,2252,1582,1529,1612,1606,1581,1605,1544,1574,1555
2024-04-30 17:59:56.432,1110,1577,1528,1618,1608,1589,1607,1555,1578,1555
2024-04-30 17:59:56.472,325,1581,1543,1625,1615,1582,1619,1556,1587,1553
2024-04-30 17:59:56.512,297,1581,1544,1625,1618,1587,1620,1559,1587,1555
2024-04-30 17:59:56.552,269,1583,1531,1623,1613,1595,1615,1555,1583,1553
2024-04-30 17:59:56.592,415,1580,1527,1621,1609,1590,1609,1547,1579,1559
2024-04-30 17:59:56.632,651,1577,1527,1615,1607,1587,1607,1546,1575,1555
2024-04-30 17:59:56.672,943,1577,1527,1619,1606,1583,1608,1557,1573,1555
2024-04-30 17:59:56.712,1399,1590,1545,1628,1619,1599,1620,1557,1591,1561
2024-04-30 17:59:56.752,1523,1583,1531,1624,1612,1593,1613,1553,1581,1558
2024-04-30 17:59:56.792,1295,1584,1533,1623,1613,1595,1614,1557,1581,1560
2024-04-30 17:59:56.834,1259,1585,1533,1624,1615,1595,1615,1553,1583,1556
2024-04-30 17:59:56.875,1491,1579,1543,1619,1606,1587,1613,1555,1580,1551
2024-04-30 17:59:56.915,1671,1580,1533,1619,1610,1589,1609,1555,1575,1554
2024-04-30 17:59:56.955,1737,1585,1529,1621,1611,1588,1603,1542,1575,1549
2024-04-30 17:59:56.996,1541,1581,1531,1620,1613,1590,1610,1547,1579,1548
2024-04-30 17:59:57.036,1433,1579,1543,1617,1618,1595,1613,1549,1580,1545
2024-04-30 17:59:57.076,1995,1591,1551,1625,1623,1598,1623,1560,1592,1555
2024-04-30 17:59:57.116,2730,1587,1542,1625,1612,1591,1618,1559,1579,1555
2024-04-30 17:59:57.157,3517,1583,1529,1622,1611,1589,1607,1543,1575,1549
2024-04-30 17:59:57.197,4095,1577,1527,1615,1610,1581,1603,1532,1573,1543
2024-04-30 17:59:57.237,4095,1572,1520,1609,1605,1579,1596,1540,1567,1533
2024-04-30 17:59:57.278,4095,1575,1518,1611,1599,1577,1595,1543,1563,1543
2024-04-30 17:59:57.319,3753,1573,1517,1610,1595,1575,1593,1531,1563,1544
2024-04-30 17:59:57.359,3125,1572,1523,1612,1605,1580,1597,1532,1571,1547
2024-04-30 17:59:57.397,2725,1581,1532,1625,1613,1587,1617,1555,1578,1546
2024-04-30 17:59:57.437,2163,1583,1531,1620,1609,1591,1613,1553,1582,1559
2024-04-30 17:59:57.478,2023,1582,1534,1614,1617,1590,1618,1555,1577,1555
2024-04-30 17:59:57.518,1928,1587,1541,1615,1612,1586,1611,1557,1583,1555
2024-04-30 17:59:57.558,1913,1578,1527,1615,1607,1587,1607,1547,1575,1557
2024-04-30 17:59:57.598,2252,1579,1528,1606,1599,1575,1597,1547,1565,1551
2024-04-30 17:59:57.638,2333,1576,1523,1612,1603,1587,1604,1543,1573,1553
2024-04-30 17:59:57.678,2056,1582,1532,1621,1611,1592,1618,1551,1582,1559
2024-04-30 17:59:57.718,1753,1588,1544,1621,1617,1589,1621,1560,1576,1560
2024-04-30 17:59:57.759,1321,1587,1530,1622,1605,1576,1568,1515,1544,1531
2024-04-30 17:59:57.800,729,1582,1529,1618,1600,1575,1579,1527,1545,1532
2024-04-30 17:59:57.841,101,1587,1534,1619,1611,1589,1605,1542,1572,1547
2024-04-30 17:59:57.881,0,1582,1531,1621,1611,1596,1612,1551,1579,1559
2024-04-30 17:59:57.921,0,1582,1541,1618,1617,1583,1619,1555,1581,1557
2024-04-30 17:59:57.961,0,1577,1529,1609,1607,1581,1606,1553,1571,1555
2024-04-30 17:59:58.001,0,1575,1527,1607,1598,1581,1605,1549,1572,1555
2024-04-30 17:59:58.041,0,1573,1519,1613,1605,1587,1607,1545,1576,1558
2024-04-30 17:59:58.081,219,1579,1531,1615,1609,1579,1615,1553,1577,1555
2024-04-30 17:59:58.122,857,1575,1542,1612,1606,1586,1609,1556,1575,1557
2024-04-30 17:59:58.162,1255,1581,1532,1619,1613,1583,1617,1549,1582,1555
2024-04-30 17:59:58.202,1362,1578,1530,1619,1607,1588,1610,1555,1578,1557
2024-04-30 17:59:58.242,867,1579,1542,1615,1599,1583,1613,1556,1575,1556
2024-04-30 17:59:58.283,249,1575,1529,1620,1606,1587,1609,1551,1576,1557
2024-04-30 17:59:58.323,0,1579,1527,1619,1605,1588,1607,1545,1575,1556
2024-04-30 17:59:58.363,0,1577,1533,1618,1611,1588,1614,1549,1579,1555
2024-04-30 17:59:58.403,0,1581,1533,1621,1611,1583,1609,1555,1583,1556
2024-04-30 17:59:58.443,0,1576,1529,1620,1608,1591,1613,1548,1579,1559
2024-04-30 17:59:58.483,0,1580,1531,1621,1611,1589,1613,1553,1581,1556
2024-04-30 17:59:58.523,0,1576,1528,1618,1608,1580,1610,1547,1578,1554
2024-04-30 17:59:58.563,103,1581,1532,1623,1612,1592,1612,1550,1578,1554
2024-04-30 17:59:58.603,494,1577,1528,1617,1608,1589,1610,1547,1578,1550
2024-04-30 17:59:58.643,935,1573,1525,1611,1598,1581,1603,1549,1573,1556
2024-04-30 17:59:58.683,949,1576,1524,1613,1603,1581,1605,1541,1572,1549
2024-04-30 17:59:58.723,855,1577,1527,1620,1606,1584,1607,1544,1573,1555
2024-04-30 17:59:58.763,939,1580,1529,1622,1609,1589,1611,1548,1577,1557
2024-04-30 17:59:58.803,883,1587,1532,1620,1611,1583,1619,1557,1579,1557
2024-04-30 17:59:58.843,1055,1583,1532,1621,1615,1592,1612,1549,1579,1553
2024-04-30 17:59:58.883,1287,1579,1528,1615,1608,1587,1607,1545,1576,1548
2024-04-30 17:59:58.923,991,1581,1531,1618,1610,1583,1609,1549,1579,1549
2024-04-30 17:59:58.963,843,1582,1541,1627,1614,1591,1611,1549,1583,1553
2024-04-30 17:59:59.004,1143,1587,1545,1621,1613,1591,1614,1561,1577,1558
2024-04-30 17:59:59.045,1944,1581,1531,1622,1609,1589,1608,1545,1576,1558
2024-04-30 17:59:59.085,2479,1576,1529,1612,1605,1581,1607,1545,1575,1547
2024-04-30 17:59:59.125,2460,1567,1519,1607,1591,1573,1604,1543,1563,1545
2024-04-30 17:59:59.165,2168,1563,1517,1604,1590,1567,1591,1540,1559,1545
2024-04-30 17:59:59.205,1831,1573,1517,1609,1594,1576,1593,1530,1563,1549
2024-04-30 17:59:59.246,1369,1575,1527,1613,1596,1575,1598,1544,1567,1547
2024-04-30 17:59:59.286,1047,1573,1522,1612,1605,1581,1599,1541,1567,1553
2024-04-30 17:59:59.326,1251,1579,1529,1621,1610,1579,1610,1547,1567,1550
2024-04-30 17:59:59.366,1397,1572,1516,1610,1597,1577,1597,1545,1563,1547
2024-04-30 17:59:59.406,1241,1573,1526,1611,1599,1582,1597,1541,1571,1554
2024-04-30 17:59:59.446,1256,1579,1541,1623,1614,1589,1615,1555,1581,1555
2024-04-30 17:59:59.486,959,1587,1545,1621,1613,1589,1623,1563,1583,1559
2024-04-30 17:59:59.527,487,1583,1543,1628,1617,1595,1620,1555,1589,1562
2024-04-30 17:59:59.567,221,1583,1543,1619,1612,1589,1614,1553,1583,1555
2024-04-30 17:59:59.607,0,1583,1533,1623,1611,1592,1612,1553,1579,1556
2024-04-30 17:59:59.647,0,1579,1531,1621,1610,1591,1613,1553,1582,1553
2024-04-30 17:59:59.687,0,1581,1532,1624,1614,1593,1612,1551,1580,1558
2024-04-30 17:59:59.727,0,1586,1542,1625,1618,1597,1615,1555,1582,1556
2024-04-30 17:59:59.767,0,1583,1542,1615,1605,1587,1607,1558,1573,1557
2024-04-30 17:59:59.807,0,1576,1529,1619,1609,1589,1609,1553,1579,1561
2024-04-30 17:59:59.847,0,1581,1531,1619,1612,1589,1611,1551,1577,1556
2024-04-30 17:59:59.887,0,1579,1532,1623,1612,1589,1613,1549,1581,1553
2024-04-30 17:59:59.927,0,1577,1530,1623,1611,1590,1611,1548,1575,1561
2024-04-30 17:59:59.967,229,1579,1531,1614,1595,1567,1565,1519,1530,1527

